,Rank,track_popularity,context_liveness,context_acousticness
Rank,1.0,-0.14047362619355264,0.01694649917703071,0.007038425310793833
track_popularity,-0.14047362619355264,1.0,-0.01933482835871012,0.037753440611775116
context_liveness,0.01694649917703071,-0.01933482835871012,1.0,-0.084946339680077
context_acousticness,0.007038425310793833,0.037753440611775116,-0.084946339680077,1.0
