,Rank,track_popularity,mood_danceability,mood_valence,mood_energy,mood_tempo
Rank,1.0,-0.14047362619355264,-0.05667590045248396,-0.10935318609109297,0.007807112565651985,0.013638877068242052
track_popularity,-0.14047362619355264,1.0,0.05504436680825984,-0.0022772703425569156,-0.06661135477181866,-0.024492484912512658
mood_danceability,-0.05667590045248396,0.05504436680825984,1.0,0.377004241182014,-0.01691946552166704,-0.14401819401164095
mood_valence,-0.10935318609109297,-0.0022772703425569156,0.377004241182014,1.0,0.3842226525975282,0.02497990041310551
mood_energy,0.007807112565651985,-0.06661135477181866,-0.01691946552166704,0.3842226525975282,1.0,0.1304480605766096
mood_tempo,0.013638877068242052,-0.024492484912512658,-0.14401819401164095,0.02497990041310551,0.1304480605766096,1.0
