,Rank,track_popularity,prop_loudness,prop_speechiness,prop_instrumentalness
Rank,1.0,-0.14047362619355264,-0.058948073465803295,0.0718542052595821,0.07088322609294288
track_popularity,-0.14047362619355264,1.0,-0.040295405660368454,-0.00025975204934784013,-0.007775334680392685
prop_loudness,-0.058948073465803295,-0.040295405660368454,1.0,-0.11257252244455922,-0.1462203225223435
prop_speechiness,0.0718542052595821,-0.00025975204934784013,-0.11257252244455922,1.0,-0.013004083572461064
prop_instrumentalness,0.07088322609294288,-0.007775334680392685,-0.1462203225223435,-0.013004083572461064,1.0
